[
    {
        "filename": "imsapp_backup_full_v2_2025-09-09_12-03-50.sql.gz",
        "type": "full",
        "version": 2,
        "size": 77305,
        "compression": "gzip",
        "created": "2025-09-09 12:03:50",
        "description": "Test backup after fix",
        "include_migrations": true
    },
    {
        "filename": "imsapp_backup_full_v3_2025-09-09_12-49-46.sql.gz",
        "type": "full",
        "version": 3,
        "size": 12003,
        "compression": "gzip",
        "created": "2025-09-09 12:49:46",
        "description": "Test after feof fix",
        "include_migrations": true
    }
]